<map>
	<criatura>
		<name> grifo </name>
		<position>
			<X> 200 </X>
			<Y> 100 </Y>
		</position>
	</criatura>
	<criatura>
		<name> mago </name>
		<position>
			<X> 100 </X>
			<Y> 200 </Y>
		</position>
	</criatura>
	<criatura>
		<name> peon </name>
		<position>
			<X> 400 </X>
			<Y> 100 </Y>
		</position>
	</criatura>
	<criatura>
		<name> dragon </name>
		<position>
			<X> 0 </X>
			<Y> 400 </Y>
		</position>
	</criatura>
	<criatura>
		<name> dragon </name>
		<position>
			<X> 400 </X>
			<Y> 400 </Y>
		</position>
	</criatura>
	<criatura>
		<name> dragon </name>
		<position>
			<X> 800 </X>
			<Y> 400 </Y>
		</position>
	</criatura>
	<criatura>
		<name> mago </name>
		<position>
			<X> 100 </X>
			<Y> 300 </Y>
		</position>
	</criatura>
		<criatura>
		<name> grunt </name>
		<position>
			<X> 400 </X>
			<Y> 600 </Y>
		</position>
	</criatura>
	<criatura>
		<name> grunt </name>
		<position>
			<X> 400 </X>
			<Y> 700 </Y>
		</position>
	</criatura>
	
</map>